area,perimeter,aspect_ratio,solidity,eccentricity,hu_0,hu_1,hu_2,hu_3,hu_4,hu_5,hu_6,zernike_0,zernike_1,zernike_2,zernike_3,zernike_4,zernike_5,zernike_6,zernike_7,zernike_8,zernike_9,zernike_10,zernike_11,zernike_12,zernike_13,zernike_14,zernike_15,zernike_16,zernike_17,zernike_18,zernike_19,zernike_20,zernike_21,zernike_22,zernike_23,zernike_24,filename,role,sample_label,image_type,contour_index
946147.5,4035.9381605386734,0.7281067556296914,0.9922088095665059,0.7318307582927959,0.752504613334998,2.4641240888077665,7.572949462266565,9.042814888790904,17.484574444815017,10.36231451270286,17.519231005610692,0.31830988618092093,0.00015692599418700513,0.08656126434759887,0.08655751511526576,0.00012463339183145622,0.0004897338615640291,0.05494452278376446,0.054933806003829626,0.054924112440092654,4.743857588441912e-05,3.596379724773021e-05,0.0002968468534911794,0.006943364404138791,0.0069624193198686395,0.006993193899044318,0.007000145021748488,0.00012763412497039293,0.00025794289472046253,0.0004949801193116871,0.0001484867316681749,0.03223792419639805,0.03226048498113317,0.03230764314823503,0.03234357700641977,0.03224227140220082,set_01_block_silhouette.jpeg,block,TWKOB5_lungs,silhouette,0
502614.0,6478.925967931747,17.893491124260354,0.9896625868342706,0.999613659369323,-0.18398221632091022,-0.3627348048371922,5.117099038612735,5.997817342353555,-11.936372882967,-6.00632887666297,11.596497599689998,0.3183098861836075,0.0024628891198456497,0.06893628152641519,0.06937001442013237,0.0015223012673239605,0.0017479488772954475,0.05356152478003304,0.054312979793225864,0.05464499193545342,0.0017300297935115233,0.0014061384579975823,0.0013989431531970362,0.007262193764367976,0.008293787122393741,0.008903621560910678,0.009066216337603548,0.003022274784793046,0.0027403522455897605,0.0022698752225900633,0.0019981906634665095,0.024985665378075658,0.023944996183667674,0.023360850106934308,0.022456092239705145,0.024682835013208865,set_01_block_silhouette.jpeg,block,TWKOB5_lungs,silhouette,1
6164.5,407.3208485841751,0.8378378378378378,0.8460166060522885,0.4399742721502753,0.7387973998052655,3.094508672954808,2.7683276666653556,4.937710195569297,-9.525770350403569,6.541293356338009,-8.798213137116234,0.31830988618380973,0.010105634442483883,0.265344097375698,0.044648988197487326,0.013942642571379268,0.13372666575132913,0.03854014023144952,0.025554231638166558,0.052804888086506234,0.03727177794890682,0.07723107303985992,0.01915515413433584,0.06543587760775091,0.040228253508964924,0.038721356600515906,0.09530047491460034,0.015268618553645183,0.049950389842122696,0.04278904135583453,0.03984823868431369,0.028307632331922395,0.009446311663920908,0.005543432865432493,0.05987112090803743,0.01572086424010986,set_02_block_barcode.jpeg,block,WT3_lungs,barcode,0
9089751.5,12889.574805378914,1.0,0.9972799515411825,0.22320743570507504,0.7788690177046728,6.183075200785025,6.2702597707234675,7.419363260479861,14.271487141297433,-10.561916045459853,-15.004168919490336,0.3183098861403385,0.0012704997068525743,0.1364870157381686,0.0010180932719751087,0.0014289568750785583,0.0008556416847649613,0.11513034837987016,0.000631771768990822,0.1163213299193202,0.0005843663767832743,0.0005205570544129264,0.0016137122731695716,0.02978480584075305,0.0015784312108383476,0.029985462956396976,0.0013183140402464432,0.0012819119489604317,0.0008076903258028771,0.002494666686698973,0.0032000161166055416,0.04043860493279113,0.00033696248935405115,0.0409757749541109,0.00213292252047555,0.04045367194256166,set_02_block_barcode.jpeg,block,WT3_lungs,barcode,1
1052479.5,4475.643785119057,0.7130434782608696,0.9879546968187239,0.7266276989013871,0.7527288771196758,2.433213096033441,6.213366049468528,7.743190700645412,-14.72852075989062,8.962427281990175,-15.46921610709385,0.31830988618611067,0.00012539560284994226,0.08024199394164945,0.08018040213047782,9.176816374749555e-05,0.0005051085348336443,0.05534284175163251,0.0552974747859893,0.05517622314078834,0.0001601632773343892,0.00017252925709071977,0.0005372172989217814,0.001004544161200676,0.0010233108622739143,0.0009643943633800156,0.00122900683827408,0.00018102470061518878,0.00042657981314069704,0.0007682544852374478,0.0003087318890092685,0.03003805372658131,0.030063398199920766,0.029921959528667736,0.02982517028630457,0.03010329866050635,set_02_block_silhouette.jpeg,block,WT3_lungs,silhouette,0
241299.5,6255.462983965874,27.743119266055047,0.979978028627764,0.9999602572599529,-0.48343315890371524,-0.9654543867192728,-0.22695520655540924,-0.2227647516960732,-0.44762473078950127,-0.7054913581308616,4.466063120018835,0.3183098861838214,0.0022173585860314742,0.1562323478217976,0.15636445136802202,0.0014100304644609305,0.0022643056821238156,0.013257922047428115,0.014249577382687518,0.013588363470557769,0.001881502507158264,0.0019033410118587724,0.002200414999075588,0.06177792851867832,0.060873256252536624,0.05953165549604641,0.06073331828334472,0.0008809298786103533,0.0016542469862525547,0.002896112452934709,0.0023777472797679782,0.00638696824797482,0.006283933874315231,0.005790355208905216,0.008092670749773427,0.005061058731126378,set_02_block_silhouette.jpeg,block,WT3_lungs,silhouette,1
649278.5,6542.859952569008,12.86808510638298,0.9917016884536166,0.9991494599052128,-0.07127690960327407,-0.13372402861537785,2.276807455362658,2.305839221675176,4.597162591246113,2.2389899924689898,8.01949480718623,0.3183098861836152,0.001626296139901227,0.09470242174825749,0.09487714852981703,0.0008278792098668678,0.001761710433497129,0.05328552978647938,0.05367694160480429,0.05361922185726782,0.0017858027756528915,0.0010454388004875132,0.0014406726611195368,0.015426266779755912,0.014827491358159264,0.01454669183225596,0.014923703948964851,0.001602657394983154,0.0008182032053806293,0.0009814347947595316,0.0023890144620739616,0.03437686362713497,0.03371679096737306,0.03332676580116688,0.03324173722604664,0.034050171655584494,set_02_slide.jpeg,slide,WT3_lungs,slide,0
7378.5,1529.016368508339,0.9862068965517241,0.4851563270539501,0.6706803441894175,0.5387039734106334,2.1549461966854593,3.057748624418049,3.1866673549144373,-6.975404761871328,4.479010123716308,6.319202524249573,0.3183098861837565,0.0033385817270054833,0.3845359263189676,0.07934361158606888,0.08490620606604224,0.03667650152531872,0.022033754376729126,0.08091067039546007,0.04048454967006941,0.12413055806368202,0.0407750009512706,0.07967441608452168,0.18865867707709166,0.08844434713260116,0.03862197519048299,0.05931808998273199,0.1491186906141299,0.08113304776471464,0.1206231886488825,0.06426032317835148,0.16446803210481636,0.10108990721782356,0.015203346751731362,0.08158723056643327,0.04908053290363855,set_02_slide.jpeg,slide,WT3_lungs,slide,1
1587.0,160.1421353816986,1.0,0.9739183798711261,0.2579738865689513,0.7779446198586532,4.377228139715262,5.358554439339267,6.871683311638266,-13.31223637447725,9.243489064877826,-13.041710464125188,0.3183098861838044,0.0017652311072737872,0.15882073635029811,0.006314998705967926,0.0009268481177027494,0.007986424010495194,0.12507341743420025,0.003063979726711609,0.11782929759004605,0.0048143464764113224,0.0021337750763824512,0.007026119413605564,0.021094675375902743,0.0029764687297454836,0.01367404502311222,0.008369916830154952,0.006174780775175653,0.0037668798547320094,0.0032087425293662545,0.005305299094558185,0.05039309863809197,0.004483113237004616,0.05984835189138873,0.004770840705355509,0.04967125596317819,set_02_slide.jpeg,slide,WT3_lungs,slide,2
1079.5,127.01219260692596,0.7209302325581395,0.9786944696282865,0.7033215547255772,0.7723504225444744,2.5268604226996256,5.594484294425132,7.1813885899626575,-13.811625361544683,-8.785535994297886,13.655524688498176,0.3183098861837863,0.002229156863676266,0.06761019045860965,0.06501760603074914,0.0031430057644401305,0.0052964762610731,0.06044742953789297,0.05826248072745746,0.04372852111117708,0.007307037995429458,0.0022893584484731254,0.00689513563629838,0.020098171799214,0.021009834237357347,0.007393482362931174,0.005068616654124176,0.009566458562452425,0.004959870357179183,0.0028139324309405024,0.005695545095607825,0.018373679240741677,0.01677703980230654,0.02307749854593891,0.024834154434404267,0.020398289247102117,set_02_slide.jpeg,slide,WT3_lungs,slide,3
39988.5,1228.9574934244156,1.0392156862745099,0.7854435103708359,0.8579899828706347,0.5402490880253685,1.4610454722072141,2.3550191236463367,3.4632808021588675,-6.859753257331376,-5.2059635219784965,-6.396764919673854,0.318309886183645,0.012134159910703358,0.322364967167239,0.19666393186497572,0.07719143118542095,0.09421912021489504,0.0047335560917193134,0.26689024017509505,0.05926735010198139,0.15855212068599417,0.0756150089764359,0.12093671423469862,0.04956356214573576,0.12938930848670674,0.02075509695003389,0.013623097186752624,0.17241020565758988,0.024699770182764653,0.1165083054091333,0.09292537119184556,0.029801360760700533,0.044074843250996455,0.05274739502071401,0.03780509166131387,0.030752801238987746,set_03_block_barcode.jpeg,block,TWKO4_esophagus,barcode,0
1999.5,248.83556735515594,1.471698113207547,0.8064125831820932,0.7383359541148242,0.7240132108361363,2.4480809420742755,2.8498932488451625,3.9262492769649553,7.314430532276816,5.308346740072714,-8.962071338981666,0.3183098861837932,0.01911614140346899,0.26633703613331416,0.08150604441829087,0.024461653668605494,0.09484341113974688,0.06070743548945845,0.012007069856616506,0.0702387340930684,0.018094846060540886,0.07515802823263547,0.013203323646724966,0.05672140646077539,0.043084156013756605,0.05363856099706375,0.04811402876466904,0.03389676013294649,0.056240416496507795,0.013296857698645293,0.02266478908170108,0.005552649311478035,0.00849458951490796,0.0327729420008401,0.031052947086264562,0.06797417787778383,set_03_block_barcode.jpeg,block,TWKO4_esophagus,barcode,1
13036.5,642.3990565538406,0.6305418719211823,0.879804285473258,0.8877999335706112,0.6556535423044942,1.7121895870649537,2.9052514659334077,4.058575752270301,-8.509927869656266,-5.592855045915803,7.543003498784594,0.31830988618374123,0.029546477307175,0.22607012208816327,0.18726151475008568,0.03226360258255567,0.031015318765119263,0.031307064966405174,0.0565370832769733,0.07139147652837206,0.026487850442075415,0.040544109122039644,0.03414803563746273,0.035169602850263194,0.05281162325107867,0.03556028596932216,0.008466108330021324,0.02511165015334271,0.024954786759274473,0.011342518348430886,0.009207116017354655,0.051557101701769435,0.04150952007608019,0.05405590120645865,0.0399583745421847,0.035685774011442316,set_03_block_barcode.jpeg,block,TWKO4_esophagus,barcode,2
1309.5,306.97770273685455,1.378787878787879,0.6550775387693847,0.979482790575698,0.2108565337473776,0.4757923282078554,1.7075943642765905,1.8203362504513436,3.5846541383319015,2.0718278878244876,-4.97922582716457,0.3183098861837967,0.039393673960753856,0.3440686377737819,0.2690044580952728,0.08230206164904202,0.02199884627955087,0.2983690048788982,0.23734347216831797,0.23775835978668702,0.107385508867866,0.046645976986032435,0.013030747099415686,0.12378251991564257,0.2526726794073316,0.15834820839308408,0.20854705797261708,0.14434212327815726,0.06744597631026675,0.024745519548346844,0.007897101146379377,0.02148119635647888,0.2042958536249224,0.10465953984263994,0.146228908773487,0.17046080420644277,set_03_block_barcode.jpeg,block,TWKO4_esophagus,barcode,3
8694797.5,17745.40895497799,1.0,0.9514438811760624,0.27539764998717,0.7734516026036925,4.476973546087639,4.677635973329094,5.985858618840623,-11.35494063743135,-8.412194845117527,11.71832657508532,0.3183098861309291,0.005543416677467275,0.16659625270172618,0.01795568599346084,0.005261901885617403,0.035719666232310175,0.12530057834613179,0.006471223259916746,0.08338437892284778,0.011859071844737227,0.012802208125376425,0.03040019218889795,0.018476957122164153,0.02095911157504743,0.03263596928153823,0.025757849644171403,0.009233359645722168,0.03559499250358585,0.025368974178994624,0.020039518276538895,0.048323350244159416,0.01090647811537548,0.02642566073778765,0.02549711569030173,0.02567147802977029,set_03_block_barcode.jpeg,block,TWKO4_esophagus,barcode,4
345458.0,6338.132030725479,24.99173553719008,0.9860973343590373,0.9998591535137769,-0.3450902606081734,-0.6876987327179984,1.932276273716811,1.9405798279890816,3.8770078871095497,1.596770238287917,7.586697365707462,0.3183098861838298,0.003888651921896303,0.08503646617467979,0.08458862356304984,0.0018528756103854908,0.0018254513759581794,0.055580094151705665,0.055007616935345276,0.05455881623759305,0.00315912183182408,0.0028855076445590635,0.0029950065388829293,0.004634975346844127,0.005297861339912258,0.00535843885566738,0.005688726940255712,0.0037711268171194247,0.0031709409192066072,0.0023448310031574594,0.004158797001855824,0.031113398570775063,0.031867369915165526,0.03169844444630585,0.031276362453898594,0.031188030040812508,set_03_block_silhouette.jpeg,block,TWKO4_esophagus,silhouette,0
762915.0,4002.94024848938,0.698339483394834,0.9799939498220592,0.7203663152310429,0.7508403944357614,2.411002444108363,5.623784625201386,7.5798655483394155,-14.79206448806576,8.930440851300837,14.195161895434982,0.3183098861816194,0.0004628699926094849,0.07697725201703676,0.07731049009928743,0.00031118688582242027,0.000818050920560044,0.054546457737013616,0.05489933391505245,0.055804569563214584,0.0006205302335000816,0.0006394679420249151,0.00043013415878375127,0.00093531747756586,0.0011947362932598334,0.0016820068806232805,0.0024697200484277535,0.0004097703010377227,0.0006263236133375042,0.0005360452439112869,0.0007620088288628943,0.02874976271546239,0.028586178678414523,0.028477076482328674,0.02853471294735598,0.028479240968974074,set_03_block_silhouette.jpeg,block,TWKO4_esophagus,silhouette,1
762470.5,6653.511754393578,11.41132075471698,0.9845938990264733,0.9987692884056133,-0.004516003694956778,0.003016260465661154,3.4416805468871763,3.4888206494620424,6.95407953503685,3.491724086612155,-9.163243393426646,0.31830988618353845,0.0027680863832489494,0.08168808362525709,0.08169478230678781,0.0013841859652492339,0.0016436183910089625,0.055135280368251105,0.05507067147873726,0.05524385145944891,0.002064088102389161,0.002228109333795437,0.0018527634527719472,0.002383880883883691,0.0025569052137049287,0.002610410288298489,0.002162021638372515,0.0023370960915687113,0.0026249856140812006,0.002666138185246113,0.0022711935319936387,0.030215948872009256,0.03047347555160571,0.030685839710806406,0.030498538934778253,0.030503439815375972,set_03_block_silhouette.jpeg,block,TWKO4_esophagus,silhouette,2
1711.5,163.89949476718903,0.9545454545454546,0.9875937680323139,0.2546331357839851,0.7800552660689181,4.521665043555265,6.711521341727328,7.228210708559905,14.19898687604472,-9.81102420592507,15.387354144307933,0.31830988618378414,0.001650857011959124,0.11727776308650463,0.010087279080963255,0.00024013151635755785,0.0022531371933252396,0.10943686701297455,0.004414859890781135,0.10614423919938118,0.003630588909382474,0.0017772940730092378,0.004490405114791918,0.04426281430506043,0.0058644293252528715,0.03946619416514422,0.009084383996447003,0.005970732668408898,0.004654618420451544,0.002099870601862425,0.006494424250394793,0.021512816565909077,0.009577293345354631,0.027943203449120376,0.01105043338168332,0.021236161812494526,set_03_slide.jpeg,slide,TWKO4_esophagus,slide,0
7551.0,1569.3422694206238,1.0066666666666666,0.498712106201704,0.7045197259801123,0.5631056572260908,2.1855288141723554,3.0439400286346103,2.963953578668081,5.998415769299847,4.171073450274159,6.40909714364809,0.3183098861837674,0.0015864222099241639,0.4531290987835134,0.07447239961945112,0.09963896130612548,0.033511763244704514,0.14471359102326165,0.1065864325163131,0.042367393307860705,0.12179333111616802,0.0760623842597471,0.0708037891431613,0.11032470637168784,0.05104605158167816,0.03636647911596636,0.061356221430056715,0.07345066722164531,0.04127652489809664,0.08168863940392841,0.037242479037455374,0.12185663177804565,0.020938869125333142,0.055093368165018225,0.02425429303373284,0.016315649382367674,set_03_slide.jpeg,slide,TWKO4_esophagus,slide,1
1644.5,163.55634891986847,0.9767441860465116,0.9768339768339769,0.183715020235063,0.7791835891736197,5.433087922132685,5.010152305886816,6.6577908662665735,-12.500984222013567,9.771148390941168,-13.182327042009883,0.31830988618379663,0.003443439488243964,0.13930454577711351,0.0017448804239099602,0.0022496544049941535,0.011130093611932132,0.12054297423454581,0.0014467649149594673,0.11107776334877151,0.003552970114128626,0.0025506827210979017,0.0077103561996396475,0.03663290351270288,0.0024899677831831044,0.025840279431404045,0.004207033137593592,0.00498817116122882,0.007958338479795268,0.004457614422160421,0.0036201908251930668,0.034272544687996925,0.003752476357467542,0.04557301559610915,0.008772350368855817,0.03698378696941916,set_03_slide.jpeg,slide,TWKO4_esophagus,slide,2
1679.0,163.3137083053589,0.9767441860465116,0.9891016200294551,0.2116723894370644,0.7785297554499662,4.893831874798799,5.55498048464195,7.245669619006187,-14.688669412812455,9.894603580054266,-13.647786080896172,0.3183098861837969,0.001937965503410069,0.12554628029405515,0.0026447120638833778,0.002477645623143973,0.0030446237357262575,0.1080552719575039,0.00171176570459896,0.11744521204875487,0.0035856550547387752,0.00147561034839123,0.006257548636635467,0.029311246687952944,0.0012510433591552486,0.039195929277107994,0.0034671870161487577,0.004514418293902767,0.0016008237575911377,0.005463259214162767,0.0038422878225138337,0.04036279666394032,0.0006353091543999448,0.03107618544100879,0.003505604323676449,0.03596610971989917,set_03_slide.jpeg,slide,TWKO4_esophagus,slide,3
7870.5,417.11983811855316,1.3265306122448979,0.8900763358778626,0.7430770718325914,0.7365731761534158,2.3044318271826922,3.972606992876377,5.886603865770412,10.846480133204857,7.227624815177023,11.259033851602217,0.3183098861837425,0.004702360987895473,0.2491954271344081,0.09424569661189157,0.004930818799704291,0.029495124518134123,0.08586798814985873,0.04874145458069836,0.10228622588640673,0.01158136245872129,0.018547910979880077,0.014628473146090329,0.06996428774577829,0.057246160505158045,0.04462687372117307,0.04690068645984817,0.009324481759938271,0.01650537514600757,0.010883276860768868,0.01773594513847628,0.05075205476820294,0.04014030800247238,0.030415863882753136,0.027186714785767358,0.03198639177612329,set_04_block_barcode.jpeg,block,WT2_lungs,barcode,0
1317.5,298.83556735515594,1.0,0.5501043841336117,0.8198455623730783,0.5642842017940762,1.5792799084390066,2.9432365189372387,3.960868661291324,-7.449548676362584,-4.822701777201166,-7.817451566168503,0.31830988618378325,3.6877792934042554e-16,0.46314705326028655,0.14203549784094482,0.03241001033807144,0.03833963510002628,0.22034508506996703,0.23938526874284824,0.059223373535818594,0.06267376215297608,0.0392763686626212,0.07446918771978878,0.07554226917528924,0.18881832782115765,0.08927664147926655,0.03964802893255364,0.056653947371006576,0.045215602251595356,0.053992160569078115,0.06998055631061036,0.06786058016582423,0.033264211375905135,0.053924084684610345,0.0907717100072444,0.05858393242879697,set_04_block_barcode.jpeg,block,WT2_lungs,barcode,1
2082.0,470.96045780181885,1.3116883116883118,0.4679177435666929,0.7847298763765795,0.4845572790698756,1.7815065397210956,1.6830935266071467,2.1925563737338924,4.218050834950784,3.125888773106734,4.369696148300101,0.31830988618378614,0.052196628500989564,0.4580224793979088,0.04796504559956337,0.09908454313814653,0.05656153324916768,0.1483193415797555,0.06648137759206517,0.036398439509288116,0.07837470893281806,0.12272547447551721,0.07124087339449055,0.044760944704803914,0.06621939612735182,0.16009652431934973,0.037096780189349435,0.05780496332692453,0.1915166626136888,0.06123688646437303,0.052585386441442665,0.053153459558475925,0.03419885174836206,0.23111441243806866,0.032562286880693854,0.038341124466845226,set_04_block_barcode.jpeg,block,WT2_lungs,barcode,2
1095.0,239.62236428260803,1.0961538461538463,0.6179458239277652,0.6106391747213262,0.6230066788307115,2.5877396467212397,2.4228906827478345,3.6662944863304037,-9.794133089424493,-6.233866610540923,-6.7108872188697655,0.31830988618378947,1.6294872636921152e-16,0.4078610469462415,0.055805041620249164,0.06626566335450292,0.099617565197425,0.08773640049827224,0.06962844026854623,0.06987305053884806,0.08505771062733171,0.1399955543034082,0.08674197433288756,0.00581807747860085,0.08517202231579593,0.1314086710082816,0.05757135639866905,0.03423866617235612,0.14809174844805514,0.16191298051464584,0.029755358027687546,0.0018454175785950022,0.088375326768521,0.09900395160033351,0.04280030609756432,0.04477046878419837,set_04_block_barcode.jpeg,block,WT2_lungs,barcode,3
6533.0,445.36247873306274,1.6041666666666667,0.878622822943985,0.8631502693450913,0.6346517963304212,1.7936421762010892,2.1740352752738916,3.013289495327708,5.633176401826073,4.021660292257489,-6.0789555690364105,0.318309886183751,0.04891923486995746,0.28973306364071894,0.12962641014902618,0.049049734015511104,0.09903817543367197,0.028062969393698806,0.07668080426910139,0.083689709002248,0.04955276687476316,0.07026264511467718,0.08919059856269727,0.05125405837301994,0.032685278314604306,0.0345496634996506,0.04175107509142315,0.04236716282257735,0.014669425179250116,0.02949117941082629,0.04729736618561608,0.04790920102133426,0.05943315433556347,0.04215793475515939,0.05739296994261476,0.03529762453900767,set_04_block_barcode.jpeg,block,WT2_lungs,barcode,4
2214.0,328.73506212234497,1.2459016393442623,0.689612209936147,0.6861654381127967,0.6772209987005723,2.56116874399814,2.7564777283194557,4.353646342082696,9.207141368295341,-6.115474925808977,7.9092584730637014,0.31830988618378825,0.0036003253665212683,0.28928772011393705,0.06762399729309428,0.04200697911193989,0.10119112079270419,0.010675532233598269,0.04672526237157837,0.040933541210256996,0.05316457411686801,0.07709403338248516,0.13683510737365667,0.06809459319079134,0.014880547862467638,0.10543404268956393,0.02768008576759948,0.03508482450918112,0.01471737370693924,0.11346068341597638,0.04265072571546555,0.028745869638411855,0.08150152691759534,0.053844598373645844,0.03954545825732974,0.057885638681592896,set_04_block_barcode.jpeg,block,WT2_lungs,barcode,5
4149.0,351.90663504600525,0.46875,0.81826249876738,0.9141403842920884,0.5482127965564276,1.3335432938698628,2.698248986316002,3.1931199231682483,6.148029856120882,3.8598964456608686,-6.829283500381454,0.3183098861838065,0.053248384197184015,0.14281952167290915,0.18884444558752497,0.06713499239506053,0.07100833553250488,0.04075014114305765,0.06953854284900873,0.03449757137935367,0.04442683441711137,0.05368130546977918,0.057121926867937114,0.007983601087408383,0.01703077690162264,0.046760189948068194,0.019394164504369225,0.024037641057408094,0.023115875314610405,0.003649287579682908,0.023185923781357937,0.016930121543846696,0.01504439267247829,0.04628863266671703,0.010127790875843605,0.036512886064444985,set_04_block_barcode.jpeg,block,WT2_lungs,barcode,6
16345.5,810.2224313020706,1.366412213740458,0.8078833559866552,0.6344729769440195,0.7256447708921898,2.595235351342791,4.693817185669019,4.5145534247317745,-9.119003355479146,5.834464014322942,-10.575932302734468,0.31830988618387845,0.025574401447500745,0.12151122220091763,0.07931994286015472,0.00870618988696349,0.0185434941343137,0.016466182615373765,0.01036161011524492,0.12831557106526154,0.027840644645939244,0.029014501678460484,0.04019468137021557,0.004016241730412555,0.021062089549840388,0.06752844958965032,0.03319601560783876,0.00881978734319696,0.010695413780976807,0.045676265669075046,0.006555475330493487,0.02105749432742128,0.01299592156718997,0.0327325324860486,0.05270790364436612,0.026492054137599693,set_04_block_barcode.jpeg,block,WT2_lungs,barcode,7
4667.0,474.6173119544983,0.5692307692307692,0.7346713892168437,0.9033441816069888,0.5582691420596535,1.3585235473642665,3.164063994376248,3.721152869975771,7.212778150846201,4.412267798185498,-7.511013360678732,0.31830988618380524,0.030109872529252252,0.17417952158190914,0.22349933357520937,0.03483423199417843,0.03412789489472229,0.06729810639939533,0.09679352261192038,0.047205427421479505,0.04071465895246438,0.03805402020521371,0.038158217815444866,0.0319221857092385,0.0015744290729532203,0.03156494280495213,0.03753019121319749,0.028918313248539076,0.029349761110943434,0.011744098086366285,0.008895623516199118,0.020027837766956397,0.035364477752988205,0.029160140860087388,0.06748281479187654,0.02299676032576122,set_04_block_barcode.jpeg,block,WT2_lungs,barcode,8
1836.5,289.37972366809845,0.3252032520325203,0.7244575936883629,0.979188989487635,0.21884305843959834,0.48794607806131696,1.4509717625146634,1.5885449149859683,3.1091465109961622,1.8579903880426496,-4.31412185931002,0.3183098861837909,0.09530780157288979,0.23454526230955403,0.24484774868939685,0.10064453619352778,0.06777189162316374,0.12827874016393498,0.1393462656620333,0.12479764388626585,0.08127567479200769,0.06696015417523583,0.06028828443406549,0.05019896872506445,0.05429610981613343,0.05134946043314702,0.06492619012020602,0.02463369354964846,0.02946430027511237,0.0594516679604585,0.06258085402747077,0.002464795375527119,0.032579280899220624,0.04585285518978284,0.051992670517040936,0.06174460654519355,set_04_block_barcode.jpeg,block,WT2_lungs,barcode,9
2190.5,239.52185904979706,0.7530864197530864,0.8859453993933266,0.9347389997894838,0.5907004333405723,1.4343512729705712,2.8038856351463877,3.381744085299661,6.477764884507003,4.107341174564286,7.391559474378926,0.3183098861837967,0.03989474390147138,0.2611629939675381,0.23588247782431696,0.013839072776647594,0.007006593384676169,0.1369716353637925,0.12799065696788273,0.1300978372227179,0.02987204297715693,0.0372722742621907,0.044679320888834605,0.023212257645544184,0.01570376648048537,0.025082002278902053,0.03812288418834761,0.010294013163294043,0.03139401298110948,0.05496698257463859,0.05041822265492542,0.07534795147519054,0.035968580230187674,0.04768267294768325,0.03286814186360599,0.019258633446964876,set_04_block_barcode.jpeg,block,WT2_lungs,barcode,10
6432866.0,38590.33639216423,1.0,0.7254103818728652,0.3419092977877422,0.601539980794651,2.9187993531980494,3.00171065100139,3.861008558077835,-7.36913061032446,-5.326916817697956,-7.555422652020894,0.31830988620695777,0.004119807738299701,0.07517299225545679,0.03378596231580581,0.11779553542388536,0.09358766520646686,0.18055394316636877,0.03189359702302243,0.09629416861894692,0.14978189848367346,0.036045295193848956,0.027505340754212723,0.03799739383263269,0.042077863432468714,0.021242407683940274,0.04543296193848242,0.05591750077405419,0.053493213275963986,0.05007831235535446,0.08476175132430591,0.10109392737013859,0.05063064837122344,0.04245472805000247,0.011957568360603259,0.006581890300516185,set_04_block_barcode.jpeg,block,WT2_lungs,barcode,11
1209282.0,6910.132030725479,6.951724137931034,0.994865584608436,0.9956565576818145,0.19355495876121523,0.4177483934346578,3.0379747747096135,3.13696206505286,6.224431363980953,3.3458717433908802,8.920802069705099,0.3183098861832468,0.001552841586218632,0.09368595320367691,0.09368328142009373,0.0009408043120686628,0.0025656684364465158,0.05386962896744516,0.053875740630835646,0.05366675857772358,0.0011306162703216167,0.0013016713469695134,0.0015019709957168764,0.01370930949892426,0.01367489424936554,0.013956573146182647,0.013650292361392228,0.0009354852775347631,0.0013087033294963883,0.0018103364219831872,0.002572237104026308,0.03356207277900789,0.033484908238308665,0.03378222811289353,0.033517607755803515,0.033404791602831864,set_04_block_silhouette.jpeg,block,WT2_lungs,silhouette,0
3139.5,325.01219260692596,4.40625,0.9500680889695869,0.9908883622793073,0.30402333696409245,0.6594026155863421,4.516000490022887,4.9837878970236655,9.770011225936646,5.454100236552398,-10.139843096926695,0.3183098861837936,0.0016830445652407475,0.15913813787127273,0.14984957504398955,0.0010658565592891768,0.0036162805528933,0.026587631254782064,0.009799792312251329,0.021205902802495482,0.0025372528238665317,0.007947951780203239,0.008746206444488088,0.04633604366806605,0.06774061977132728,0.05895169963516372,0.06149721509921541,0.007712874713173862,0.0011219488278718854,0.0020949552955642015,0.004729843961733985,0.01586046757539177,0.006352596741020949,0.008224202018585952,0.0033479265455454467,0.009874116869811081,set_04_block_silhouette.jpeg,block,WT2_lungs,silhouette,1
659746.5,3370.388951897621,0.7400793650793651,0.9929473648564753,0.7330677321305195,0.7532113072654851,2.4649415206585683,7.174647005367524,8.507392067359108,-16.659167056487018,-9.926201493883514,-16.407733597452246,0.31830988618350586,0.00029468119220237585,0.09473014602000011,0.09481722272239926,0.00012829844981156543,0.00013867098453089103,0.053478088077163935,0.05351860681499778,0.053763976877606846,0.00038166128765296535,0.0004201012322534112,0.0002096932925687388,0.014870377858100364,0.014906192841928251,0.014932217267498299,0.014630304958893956,0.0002479634147539379,0.0003537720311977629,0.00038154419400913763,0.0004160603429139458,0.03353696874218446,0.033605818704537306,0.03375117602816298,0.03385815215502861,0.033692647167465443,set_04_block_silhouette.jpeg,block,WT2_lungs,silhouette,2
398678.0,6401.8132700920105,21.91304347826087,0.9768622540864107,0.9998122318928409,-0.2851543589221562,-0.5670241026052435,2.797727613181233,2.8126895038449455,5.617898760855577,2.530497405232453,8.36419312832677,0.31830988618391054,0.004121996867897678,0.08212693328979284,0.08213585832672848,0.0016990608342999838,0.0029132489707444278,0.05445255241046316,0.05406677735568318,0.056876826423356265,0.0036164277650779964,0.0037984055226366136,0.0018858235603339752,0.0033350879760479565,0.004338261087487008,0.0019282775817162435,0.00300297444294381,0.00345943968827091,0.004258266027796543,0.0036699672773330464,0.003180267117255255,0.029704007796562723,0.031209319217141027,0.029152046661082155,0.032229271387664085,0.03005522737802983,set_04_block_silhouette.jpeg,block,WT2_lungs,silhouette,3
486095.5,6443.144223332405,15.507692307692308,0.9904499447311181,0.9995897208828349,-0.19115308130158798,-0.37713334824281214,1.1305663868749394,1.1470386107870136,2.285841110448429,0.9584730008129104,6.494564425976034,0.3183098861837147,0.0023581940914592894,0.12753959412166513,0.1275514792321332,0.0009683938552838634,0.0023455686718904557,0.038859884305161,0.039039095402550406,0.03849146504820079,0.0020024453364282063,0.0020160716442612606,0.0023949523990734623,0.04437900306793766,0.04396537296132764,0.044331393031759966,0.04418457905162953,0.0001179968651550077,0.001137849996365872,0.002049429176973612,0.0028734637574954042,0.022560400429434427,0.022002146496072548,0.022241430072845732,0.02204808071494766,0.021583829341116367,set_04_slide.jpeg,slide,WT2_lungs,slide,0
1042.0,250.7939372062683,1.7297297297297298,0.6235786953919809,0.8173476239676585,0.5852516730442161,1.7344982919013887,2.427951984639652,2.6099036186809847,5.1387490027529354,3.5409659441315786,-5.8039455874721195,0.3183098861837927,0.08717355291474312,0.24313060086359473,0.09137481949668892,0.09675159430557777,0.03498520196609614,0.03193859580105198,0.09925107494573042,0.06712846162515043,0.02972532211792055,0.08396631699066548,0.06575870884214105,0.03238423076830693,0.06088784753371619,0.018899257019202757,0.058703130814838814,0.0628628851266333,0.035332734534431705,0.031730714999481276,0.03295231589820267,0.06175426891306512,0.015066399857402107,0.02062700867542126,0.07099916295332771,0.041638620205915605,set_04_slide.jpeg,slide,WT2_lungs,slide,1
1059.0,185.0538227558136,0.58,0.8499197431781701,0.7903999193244926,0.6774718621117484,1.9991970314456906,3.6887876712209695,3.57135293183329,7.212076275997245,4.571268174234639,-7.861368304146183,0.3183098861837917,0.06400312243102219,0.1480166130297269,0.04560514779049214,0.044692929850260577,0.044963609520193355,0.07048526383105348,0.053470304659332106,0.058558111373480985,0.02534708078814883,0.013024694733223518,0.019211260508010832,0.03588024803893033,0.03298104012492952,0.016093739942396965,0.01260826115444843,0.046113417782103726,0.02349301947061507,0.03687563235081743,0.034648629344385944,0.051470711343415645,0.018115137022291172,0.03150579415079802,0.021700257961467875,0.01983350698865264,set_04_slide.jpeg,slide,WT2_lungs,slide,2
1838.0,170.97056245803833,0.9565217391304348,0.9771398192450824,0.18461256600898496,0.7794515089265142,5.055557381447093,5.701350704934222,7.415466942510422,14.039104299098922,-10.302399401134224,14.266832585774008,0.31830988618378964,0.0016031238348227833,0.12210681626625242,0.005875340776637995,0.0024289519202647662,0.004590374315346843,0.11036169482373594,0.005134949289574099,0.10992800922688795,0.0027418466802244332,0.001735686110908763,0.0038934345027221606,0.0395158090996382,0.003398631977518433,0.03666180879704335,0.006672241849617715,0.0018567243586814068,0.001770405585480487,0.0036257593809240177,0.005379450914893898,0.02705021419281289,0.0029579017996299957,0.03395371102791541,0.005718889476976004,0.022138667010534258,set_04_slide.jpeg,slide,WT2_lungs,slide,3
1269.5,433.4629839658737,1.280701754385965,0.3765944823494512,0.3773540033872113,0.28486490895725686,1.6340244010025995,2.5239597088450463,3.126848802871742,-6.336196872891068,-4.143430077120936,5.9928847596630455,0.3183098861837976,0.04567548028073073,0.05843876886009996,0.12018303567358522,0.06755038913339724,0.1180347848146451,0.109982776463058,0.029266576516793503,0.07217117514262174,0.1532675389709939,0.3127117694996157,0.2048921698066119,0.08116708787282194,0.10925015121752207,0.037850991145499495,0.024795812494170524,0.02142836392737618,0.12384767941320518,0.07822004891710305,0.10663434869352584,0.08888101509892425,0.10385839474527768,0.03103719263522488,0.029649077728007272,0.04155135874667195,set_04_slide.jpeg,slide,WT2_lungs,slide,4
1898.0,172.48528122901917,1.0,0.991381561765474,0.24726276315588747,0.7801615250405488,4.494523590933814,6.865777949449537,8.134383869511696,-15.645569541502148,-10.521397072830084,-16.285616018988662,0.31830988618380235,7.019941620484039e-05,0.12361471903783251,0.007054472337946197,0.0009607131339391662,0.0021854364718524697,0.11189611250144811,0.0047758423364393475,0.11015018462481835,0.002623749896603135,0.0010697751413282482,0.0033080195548668228,0.03843441843418972,0.0019114382593295484,0.04140501965514576,0.010014579486057256,0.0033193297399507007,0.0024752457887293115,0.0021354362298709384,0.0022814955175257915,0.03368199925932757,0.005332823579398706,0.026427420027536112,0.00501904729628026,0.03837805129776477,set_04_slide.jpeg,slide,WT2_lungs,slide,5
11555.5,1517.7615352869034,1.0,0.5869013154553304,0.5877213353230719,0.6554099331285014,2.6127694534101025,3.6752269909109754,3.514323119405287,8.197247152372075,4.829974571668953,7.110549976438638,0.31830988618385847,0.0015240750640460534,0.3997004791870238,0.059722578963683916,0.08695432671493712,0.027688096200101438,0.01988064704004342,0.06647539228212662,0.028082975930992325,0.08296703932265985,0.05272660303232,0.0724009845109817,0.12637157698473206,0.037544078154286384,0.037015442312735444,0.028581439940658208,0.010411066219726841,0.058034468030803824,0.126249661991486,0.027208349998005955,0.016284571109024305,0.08995674607833777,0.035931580564260095,0.02019462284001408,0.021965505595245922,set_04_slide.jpeg,slide,WT2_lungs,slide,6
1346.0,141.25483322143555,0.7083333333333334,0.981407218374043,0.7045603426179039,0.7718665522036047,2.523893783981761,6.096667957460834,7.808339141373391,-14.793124843216285,-9.126803535373737,-15.190679752252052,0.3183098861837979,0.0011194767815517048,0.05079269322929218,0.05586761270157664,0.0013877289713905183,0.0009553397943922389,0.04500518998772531,0.05339949910891612,0.05183460868610975,0.000992999821453929,0.002609793825241991,0.0017799523362790485,0.012146297313185636,0.02368073016850319,0.02268888257590459,0.018226585155738644,0.0007285254501036336,0.004499438390703073,0.0022168227640122296,0.0031349181817062173,0.021802937671413874,0.007621140714288836,0.00688869795971197,0.013902301823820323,0.021317597720681286,set_04_slide.jpeg,slide,WT2_lungs,slide,7
8976344.5,12946.677398562431,1.0,0.9906133168590596,0.3204403370773435,0.7800832780473016,4.349459370910341,4.761274989075549,6.518488029822664,12.171452370096766,-8.699918037718206,-12.774904408100047,0.3183098861417839,0.0036449548722444726,0.14195834521131043,0.006245521056887933,0.0006259534362801693,0.013238625298120286,0.12096284555022012,0.005995377899671361,0.10949433998546208,0.007347317195574289,0.0037385266643619906,0.00852279625755795,0.03326577591453673,0.0030281009942257626,0.026921281236882498,0.011121535242769187,0.00964367838028886,0.006860427514045993,0.005917008942671132,0.015313128979995018,0.040384843270805784,0.0004948325729832603,0.04101133993443207,0.0037235871997984135,0.04126531301398439,set_05_block_barcode.jpeg,block,WT5_esophagus,barcode,0
3136.5,1343.3553384542465,73.66666666666667,0.8650027578599007,0.9999894953530751,-1.0250841982884042,-2.0500273038032555,-2.3399840031909593,-2.339629289092694,-4.679435935233793,-3.3646418019151523,1.058050281164541,0.31830988618379036,0.058625489241396,0.20983485329948295,0.21935454390925874,0.08080532830572955,0.06469099508279147,0.07612785786717072,0.09506562487331732,0.06631578381279564,0.06863594764026888,0.05155600377081754,0.08738351139660246,0.00647935794451547,0.01957218015127752,0.018907582594147713,0.03863385241005631,0.09683962169601351,0.07939191434880347,0.08192269466273232,0.11480217380086141,0.0019185355661488935,0.06038470026731052,0.02358339980325851,0.08952428425811583,0.012276825903986714,set_05_block_silhouette.jpeg,block,WT5_esophagus,silhouette,0
942189.0,4662.645873069763,0.6983471074380165,0.9831376669668357,0.7061177353561501,0.7521627848774048,2.4198447916207417,6.75026935751479,7.100894101578463,14.735899824243846,8.389291389880885,-14.034915366367755,0.3183098861866973,0.0005218302184509311,0.07704525812554001,0.07686693874662333,0.0005240474182520928,0.001400716730310463,0.0555518465988421,0.05531711229786404,0.054843393941023014,0.000596973621091375,0.0008291297656160322,0.0006535185203188364,0.0023917571193971224,0.0021748394383523987,0.0017320936867313778,0.0015958821887703122,0.0005453774745092607,0.0003999982346913721,0.0004922551145804893,0.0011250067540635488,0.02811655190425885,0.02828877377228005,0.028605411984037807,0.028646787304228705,0.028210255647418494,set_05_block_silhouette.jpeg,block,WT5_esophagus,silhouette,1
316628.0,6398.004175901413,19.139240506329113,0.970102884314891,0.9999024728931709,-0.35205698290939613,-0.7013781476401864,-0.0783901678111546,-0.07076643261004414,-0.14534473236197176,-0.42145304401885797,4.192281445159163,0.31830988618392864,0.004579124210658916,0.17827691229481812,0.17771125247387326,0.0023111818785941395,0.0044645380185914,0.011924352155224206,0.011584203693931846,0.01269438474656255,0.0021666104621635976,0.0037729769696207846,0.0055773113203917354,0.06365577251257233,0.06282502362318089,0.062124060868514755,0.06229214761640916,0.0025399034204492206,0.0030020344937164594,0.004032205241579247,0.004058449418979963,0.031500569483627186,0.032562248475965734,0.032043181164988284,0.03247138503664223,0.03272259238219136,set_05_block_silhouette.jpeg,block,WT5_esophagus,silhouette,2
284723.5,6324.541191935539,19.261146496815286,0.9852859498469594,0.9999290426113052,-0.3586338912317726,-0.7144025122434752,-0.3753954812178765,-0.3686021997673189,-0.7406010402496973,-0.7258033737713173,4.42306722189591,0.31830988618368433,0.00347076845441655,0.18379350155155202,0.18359085131090255,0.001547223080661961,0.004289626133972842,0.01990325568318699,0.02047003363288179,0.019323076762839793,0.0008444833673383474,0.0032406643248780566,0.006664447655594807,0.060734941709018234,0.06189717275021577,0.06078008182114359,0.062181613547583475,7.702644151776331e-05,0.0006586671137006114,0.001966878038097815,0.0004973737811641121,0.04008688327846209,0.03882715468148257,0.039395331386989814,0.03831039086404709,0.039945742662185764,set_05_slide.jpeg,slide,WT5_esophagus,slide,0
1743.0,382.2497808933258,2.473684210526316,0.5856854838709677,0.9422529937995513,0.3792610452746826,0.9175434803114337,2.9401271618298837,3.7839380381085124,7.27807654065995,-5.181653280085879,-7.316601183624956,0.31830988618379646,0.01902309561000122,0.061711694197495996,0.2678565350116746,0.013539921094069863,0.020648521735924918,0.019705379141013554,0.10101299309116145,0.02797510287993281,0.07123104187241776,0.020993744816413636,0.022779509264093795,0.11236607213314447,0.036415985211483606,0.015143616167647544,0.08449366090483185,0.10605881159883208,0.027712304150782942,0.047460548842536414,0.035541365672096696,0.18000418800226375,0.019680540639071445,0.021065421781875544,0.04993507051574889,0.01599400449397833,set_05_slide.jpeg,slide,WT5_esophagus,slide,1
2081.0,364.2497808933258,2.3,0.7136488340192044,0.9013001208612569,0.5345558711149946,1.3260957845097714,3.446255942177972,4.199383610596725,8.123526874312804,5.006200984612883,-8.23642083828514,0.3183098861837859,0.021569685308800286,0.1845233018824691,0.08609623482499403,0.019927058956532295,0.02207738585056825,0.09241403723731381,0.06659552855234739,0.07081214003408473,0.009970803839503911,0.054171963352847206,0.03061861552374281,0.011608557938384617,0.02666831258411071,0.011671718783455581,0.027696115478481272,0.03694290861353461,0.007422938162077027,0.05690470365910164,0.007206079855677044,0.04325399619062077,0.04208371314824948,0.03415582056019105,0.021861869829442968,0.014424208602056827,set_05_slide.jpeg,slide,WT5_esophagus,slide,2
2436.5,196.72792184352875,0.9615384615384616,0.9890399837629389,0.24102297812357074,0.7796892292540049,4.669140781880513,5.7473373648619495,7.4344135542244665,14.03473133905347,-9.948112658631436,14.710830747923774,0.3183098861837993,0.0010175990691946386,0.1269803227191689,0.009338754633333661,0.0005473943671921699,0.004659868610916617,0.11357952284691285,0.0043351207519636585,0.11015311938815944,0.003072432940261648,0.002941924054672973,0.0013514201866089714,0.038786406083008575,0.005023763355133009,0.034473372533144704,0.010899675554370797,0.004469268371411492,0.0016524841781794973,0.0013168158930378776,0.005933377139941934,0.03045672828717901,0.006892996084796814,0.03534269301665195,0.010432141304119093,0.028898967235843193,set_05_slide.jpeg,slide,WT5_esophagus,slide,3
1774.5,420.3502861261368,0.9696969696969697,0.56675183647397,0.5244754750414979,0.592636313803775,2.811545593593375,3.023722600481217,3.396906845233848,-6.747805547063994,4.895910030732067,-6.768143628665243,0.3183098861838001,0.0013123139990184648,0.32547425297748894,0.045631382575134646,0.0942789886567096,0.05764769004377893,0.03262879263183265,0.0745658791518075,0.028508255717284273,0.11432232091482507,0.12289131343458258,0.03676587434905119,0.00655455710556596,0.10990477572425707,0.10682585381202031,0.030084186467924625,0.08753872423849268,0.13835624303167562,0.03732023238335992,0.02350544352868562,0.09128529966786364,0.029751533476673735,0.04446803158392747,0.0463854663960971,0.019360856458456838,set_05_slide.jpeg,slide,WT5_esophagus,slide,4
1638.5,483.9482651948929,1.3064516129032258,0.3905374806340126,0.4315668381344099,0.3066328911210865,1.6704198019607406,2.849831629822696,3.5256466595200457,-6.879257401044533,-4.451933191727519,6.849558856668158,0.31830988618378586,0.04321693888524571,0.019949473309304272,0.12262513398147469,0.10199404720995119,0.1576937386663485,0.05665641662359211,0.04090563791945543,0.0628413001834104,0.12994730236976665,0.2826253646705522,0.1896350083482926,0.060115301449983886,0.08992177049528584,0.042145983448794486,0.019764339330600466,0.01339058114655291,0.05604395901017647,0.016659020573717088,0.12067961537863492,0.14007907792892452,0.1652686564882912,0.07193575694610596,0.00911420338758982,0.03525865239370237,set_05_slide.jpeg,slide,WT5_esophagus,slide,5
9288.5,1152.6244522333145,0.7721518987341772,0.6243740127046012,0.7346336245916608,0.6132118888396954,2.1979028241945997,2.845435003267929,3.0606837048870044,6.077611978543229,4.169250952708692,-6.310627722403558,0.3183098861837522,0.05328686543588615,0.2874317637415058,0.03599347601113678,0.027699592222770884,0.0431881421419662,0.058605769366387665,0.05920020517614445,0.08340921374628248,0.054056741371061735,0.062125854693382006,0.03615176108837473,0.10424339038849965,0.029038773905073412,0.07308675772400366,0.02903685135455357,0.06300044144567919,0.046464959889487345,0.1073879101973478,0.03102846710250801,0.06045831260713195,0.022577157200432078,0.07974722810343735,0.03575878445202093,0.011642660442933255,set_05_slide.jpeg,slide,WT5_esophagus,slide,6
4404.0,342.04877042770386,1.63013698630137,0.8132213092050595,0.8263520671629526,0.6479794992785068,1.8806030474942121,2.244619556862729,3.177636114142901,6.068696058829029,4.639808297212944,-6.013375698325271,0.31830988618381184,0.056451393880810136,0.23249979227630133,0.11398470811533537,0.06016153209470514,0.08423316028540144,0.03000626892904003,0.027592001182072817,0.06393086030406442,0.070568392329832,0.042465980613044456,0.06713078394432857,0.02517349932019897,0.03399077399648896,0.03320551032355962,0.028813951401178223,0.05136362864569182,0.018285935062259027,0.060606961682898364,0.04893144568576529,0.01639892186006499,0.01933816711343161,0.04216223440951631,0.04229855421885646,0.020265384504886085,set_06_block_barcode.jpeg,block,TWKO5_lungs,barcode,0
21390.0,770.8427076339722,2.2781954887218046,0.9280833062154247,0.8859512303749896,0.6297913706980234,1.7421261505980636,2.2160307021035677,3.276611358710125,6.487926369699181,5.616983021855404,6.050073312732379,0.31830988618365014,0.06578081770497061,0.11983148669124197,0.09189915420493118,0.027491884464067418,0.0701455495893607,0.026963124723533988,0.02945975603806836,0.0366533315116066,0.04444290027414493,0.021948015323760194,0.014963341951214282,0.023245597762470906,0.028814243667965887,0.031422059045085944,0.031223514315546153,0.006122097848008246,0.013561654542779085,0.015515859348406071,0.00890336401013589,0.0016679198298056403,0.01893269154653448,0.02730572984845388,0.02576109535800081,0.005178649305951204,set_06_block_barcode.jpeg,block,TWKO5_lungs,barcode,1
6891181.0,27352.627004146576,1.0,0.7540798962283755,0.27256551587396793,0.6543776393683473,3.043645528701653,4.232882703646081,3.4912199433700244,-7.4464456886606145,-5.032790144022844,-7.581924011646932,0.31830988622480627,0.03904975043708286,0.18884860539061266,0.07971498578140927,0.09540021286082917,0.025722587217880316,0.015569588538385219,0.10635102680684222,0.09849682670610857,0.08411573338856809,0.024540857291790265,0.023089055268575465,0.03041718053426449,0.06409625763080044,0.01166831002069828,0.084686295154231,0.09678985711266057,0.08148005280439007,0.07798572258022436,0.03414567130307719,0.013103985458577582,0.0502038422363306,0.02229325337868174,0.03575675017187759,0.06304609849323496,set_06_block_barcode.jpeg,block,TWKO5_lungs,barcode,2
3291898.5,7495.266149401665,0.6875,0.9905973106800937,0.7346858267022909,0.752559930608337,2.4264812673776257,6.290852822153827,7.270239781397609,-14.2424902575675,8.5269062182661,-14.166693024421978,0.3183098861929722,0.00018645664379812418,0.06421694831136292,0.06426456080510168,0.00014464586790203973,0.00013398804314694132,0.05329924686362425,0.05334892446733383,0.05345890547311773,0.0001429252438993312,0.0002573256636746655,0.00017857771154625274,0.012374427210024203,0.01239988635057143,0.01243427442291443,0.012612188299390256,0.0002081120662540625,0.0004107228131019615,0.0004094662494953832,0.00043076342421093745,0.020188105705405288,0.02019519895869376,0.020274201758995768,0.020197031894958993,0.0201239665795861,set_06_block_silhouette.jpeg,block,TWKO5_lungs,silhouette,0
328980.5,2415.8061298131943,1.9591346153846154,0.9967520318737171,0.8833176199329903,0.6860012650473835,1.8286384775282167,5.323485962911311,6.440433579349727,-13.05681428522072,-8.40026101886528,-12.32989914411875,0.31830988618481176,0.0015804349491293824,0.06846639577064252,0.06830774014457418,0.001214603495458836,0.0019237031664409874,0.054412429731279466,0.05414915090595561,0.05421211553026527,0.0008534013080923252,0.0011861886611614322,0.0015740792450318838,0.009490520287173938,0.009132996279902763,0.00920935828098083,0.009031511010933546,0.00157514870470989,0.0017018154856068197,0.0015175954867214343,0.0017056326955382642,0.022847606526046286,0.02328008700779157,0.023158629370418776,0.023475867930871006,0.022834906231469807,set_06_slide.jpeg,slide,TWKO5_lungs,slide,0
